{"accuracy": [0.2631886601448059, 0.48113521933555603, 0.5902337431907654, 0.6622704267501831, 0.717278778553009, 0.7605175375938416, 0.7979966402053833, 0.8297996520996094, 0.8537562489509583, 0.8755425810813904, 0.8880634307861328, 0.9015859961509705, 0.9230384230613708, 0.933639407157898, 0.941652774810791, 0.9505842924118042, 0.9543405771255493, 0.9613522291183472, 0.9606844782829285, 0.9612687826156616, 0.9698664546012878, 0.973038375377655, 0.9673622846603394, 0.9776293635368347, 0.9792153835296631, 0.9786310791969299, 0.9807178378105164, 0.9797161817550659, 0.9775459170341492, 0.9777963161468506], "loss": [1.9881682395935059, 1.4653315544128418, 1.172982096672058, 0.978216290473938, 0.8353337049484253, 0.7091016173362732, 0.6029490828514099, 0.5089069604873657, 0.4362609088420868, 0.36236831545829773, 0.3222254812717438, 0.28851598501205444, 0.22852063179016113, 0.2000468522310257, 0.17404793202877045, 0.1492612659931183, 0.14169801771640778, 0.11853429675102234, 0.1149982139468193, 0.11513553559780121, 0.09075156599283218, 0.08204709738492966, 0.09556747227907181, 0.06503285467624664, 0.06479588896036148, 0.06640545278787613, 0.057305678725242615, 0.058376673609018326, 0.06969565153121948, 0.06817413121461868], "val_accuracy": [0.33555927872657776, 0.5916527509689331, 0.6283806562423706, 0.6888146996498108, 0.7198664546012878, 0.7469115257263184, 0.789983332157135, 0.8063439130783081, 0.8293823003768921, 0.8487479090690613, 0.8210350871086121, 0.8430717587471008, 0.8724541068077087, 0.8684474229812622, 0.8861435651779175, 0.8754590749740601, 0.8751252293586731, 0.8881469368934631, 0.8864774703979492, 0.8884807825088501, 0.9015024900436401, 0.9028380513191223, 0.9068447351455688, 0.9098497629165649, 0.903171956539154, 0.9038397073745728, 0.8964941501617432, 0.9045075178146362, 0.9011685848236084, 0.9035058617591858], "val_loss": [1.8187580108642578, 1.179368495941162, 1.067192554473877, 0.9307776689529419, 0.8431885242462158, 0.7576712965965271, 0.6574689149856567, 0.5699224472045898, 0.5379760265350342, 0.442059189081192, 0.6230171918869019, 0.5521195530891418, 0.4333132803440094, 0.44092559814453125, 0.40359318256378174, 0.4287967383861542, 0.41304901242256165, 0.3823279142379761, 0.43744799494743347, 0.4185061454772949, 0.3960922956466675, 0.3747904598712921, 0.38039305806159973, 0.37282028794288635, 0.38105836510658264, 0.37086039781570435, 0.4573361277580261, 0.43562382459640503, 0.4155636727809906, 0.4290285110473633]}